Date,GOOGL,META,MS
2022-06-21,110.87901306152344,156.193115234375,67.02347564697266
2022-06-22,110.82286071777344,154.99966430664062,66.8169174194336
2022-06-23,111.5728530883789,157.8838348388672,66.43074035644531
2022-06-24,117.27168273925781,169.2315673828125,69.88834381103516
2022-06-27,115.14295959472656,168.5652313232422,69.54708862304688
2022-06-28,111.33975219726562,159.80331420898438,70.19369506835938
2022-06-29,111.03558349609375,163.04551696777344,70.22063446044922
2022-06-30,108.31340789794922,160.3701934814453,68.30773162841797
2022-07-01,108.08926391601562,159.15684509277344,68.92740631103516
2022-07-05,112.5877685546875,167.27232360839844,68.3526382446289
2022-07-06,113.88896179199219,168.84373474121094,67.75990295410156
2022-07-07,118.07486724853516,171.25051879882812,69.14293670654297
2022-07-08,118.6419677734375,169.94764709472656,68.90943908691406
2022-07-11,114.98687744140625,161.9913330078125,68.09217834472656
2022-07-12,113.34075164794922,162.37916564941406,68.19995880126953
2022-07-13,110.68965911865234,162.59796142578125,67.3377914428711
2022-07-14,109.70954132080078,157.1876678466797,67.0773696899414
2022-07-15,111.11112976074219,163.80136108398438,70.09490966796875
2022-07-18,108.3800048828125,166.31756591796875,70.82234954833984
2022-07-19,113.13151550292969,174.8209228515625,73.32797241210938
2022-07-20,113.22097778320312,182.0910186767578,73.47166442871094
2022-07-21,113.6583480834961,182.17059326171875,74.55834197998047
2022-07-22,107.2567367553711,168.34645080566406,74.0284652709961
2022-07-25,106.86907196044922,165.74070739746094,74.13623809814453
2022-07-26,104.39391326904297,158.2816619873047,72.55563354492188
2022-07-27,112.385986328125,168.65475463867188,74.10032653808594
2022-07-28,113.53907012939453,159.8430938720703,75.20182800292969
2022-07-29,115.62655639648438,158.23191833496094,76.42572784423828
2022-08-01,114.17525482177734,159.05738830566406,76.23533630371094
2022-08-02,114.44363403320312,159.31597900390625,75.72765350341797
2022-08-03,117.37605285644531,167.87901306152344,77.10567474365234
2022-08-04,117.48541259765625,169.6393585205078,77.38671875
2022-08-05,116.76969909667969,166.19821166992188,78.08478546142578
2022-08-08,116.6007080078125,169.32110595703125,77.994140625
2022-08-09,115.9346923828125,167.6104736328125,78.2933120727539
2022-08-10,118.98640441894531,177.36695861816406,80.58698272705078
2022-08-11,118.13152313232422,176.5216064453125,81.77462768554688
2022-08-12,120.95459747314453,179.51516723632812,83.0982437133789
2022-08-15,121.35221099853516,179.90304565429688,83.42462158203125
2022-08-16,120.97447204589844,178.49078369140625,83.2433090209961
2022-08-17,118.83728790283203,173.89599609375,82.81721496582031
2022-08-18,119.45359802246094,173.70701599121094,83.16170501708984
2022-08-19,116.51124572753906,167.04359436035156,81.60237121582031
2022-08-22,113.55894470214844,162.160400390625,80.1971435546875
2022-08-23,113.18121337890625,160.23095703125,80.05209350585938
2022-08-24,113.01223754882812,162.36923217773438,80.3240737915039
2022-08-25,115.95457458496094,167.85911560058594,81.51172637939453
2022-08-26,109.68218994140625,160.89730834960938,78.70128631591797
2022-08-29,108.7676773071289,158.3015594482422,77.3776626586914
2022-08-30,108.2905502319336,156.3025360107422,76.54359436035156
2022-08-31,107.57483673095703,162.04103088378906,77.25979614257812
2022-09-01,109.08577728271484,164.45779418945312,78.12104797363281
2022-09-02,107.20703887939453,159.44528198242188,78.32957458496094
2022-09-06,106.1732406616211,157.6749725341797,77.17819213867188
2022-09-07,108.7975082397461,159.51487731933594,78.74658966064453
2022-09-08,107.73387908935547,161.17578125,80.17903137207031
2022-09-09,109.99034881591797,168.22708129882812,81.103759765625
2022-09-12,110.19910430908203,168.0381317138672,81.72930145263672
2022-09-13,103.69808959960938,152.2945098876953,78.91885375976562
2022-09-14,104.37403106689453,150.64356994628906,79.0367202758789
2022-09-15,102.29650115966797,148.73403930664062,80.01583099365234
2022-09-16,102.18714904785156,145.49180603027344,79.26335906982422
2022-09-19,102.4555435180664,147.21240234375,80.43286895751953
2022-09-20,100.53704071044922,145.2928924560547,79.04579162597656
2022-09-21,98.6881332397461,141.3445587158203,78.2933120727539
2022-09-22,99.54299926757812,142.040771484375,76.85182189941406
2022-09-23,98.15135192871094,139.64390563964844,73.89634704589844
2022-09-26,97.5847396850586,135.62594604492188,72.309814453125
2022-09-27,96.91873931884766,133.66668701171875,72.05595397949219
2022-09-28,99.45355224609375,140.8373565673828,73.86009216308594
2022-09-29,96.83921813964844,135.66574096679688,72.40046691894531
2022-09-30,95.07977294921875,134.939697265625,71.6298599243164
2022-10-03,98.05195617675781,137.85372924804688,72.87188720703125
2022-10-04,101.03406524658203,139.5146026611328,76.12657165527344
2022-10-05,100.82530975341797,138.22171020507812,75.34688568115234
2022-10-06,100.81537628173828,138.3112335205078,73.71500396728516
2022-10-07,98.09171295166016,132.72186279296875,71.55733489990234
2022-10-10,97.27660369873047,133.05999755859375,71.0859146118164
2022-10-11,96.60064697265625,127.83865356445312,69.80760192871094
2022-10-12,96.9783935546875,126.8043441772461,69.44496154785156
2022-10-13,98.46943664550781,129.57913208007812,71.91090393066406
2022-10-14,95.98434448242188,126.06838989257812,68.26640319824219
2022-10-17,99.3740234375,133.3086395263672,69.93452453613281
2022-10-18,100.16925811767578,132.07542419433594,72.01969146728516
2022-10-19,99.03604888916016,132.50306701660156,70.3878173828125
2022-10-20,99.3740234375,130.81236267089844,69.44496154785156
2022-10-21,100.52710723876953,129.30064392089844,71.82023620605469
2022-10-24,101.90882110595703,129.01222229003906,72.01062774658203
2022-10-25,103.85713195800781,136.75973510742188,72.98973846435547
2022-10-26,94.36406707763672,129.11167907714844,73.3523941040039
2022-10-27,91.67022705078125,97.40563201904297,73.1529312133789
2022-10-28,95.7159652709961,98.65874481201172,75.26290130615234
2022-10-31,93.94657135009766,92.65171813964844,75.21711730957031
2022-11-01,89.9306640625,94.68057250976562,76.63597869873047
2022-11-02,86.45152282714844,90.04601287841797,77.23096466064453
2022-11-03,82.93262481689453,88.42488861083984,76.54442596435547
2022-11-04,86.0638427734375,90.29463958740234,77.67034912109375
2022-11-07,87.96245574951172,96.19227600097656,78.32943725585938
2022-11-08,88.37001037597656,95.94364166259766,78.06398010253906
2022-11-09,86.79943084716797,100.9163589477539,76.3888168334961
2022-11-10,93.37997436523438,111.25962829589844,81.28611755371094
2022-11-11,95.83525085449219,112.40333557128906,83.09857940673828
2022-11-14,95.12947082519531,113.59680938720703,82.2106704711914
2022-11-15,97.85314178466797,116.44120025634766,82.84228515625
2022-11-16,98.26069641113281,112.61219787597656,82.21981811523438
2022-11-17,97.77362060546875,110.84191131591797,81.42343139648438
2022-11-18,96.84915924072266,111.43864440917969,81.65225982666016
2022-11-21,95.03007507324219,109.26058197021484,81.54243469238281
2022-11-22,96.47142791748047,110.83196258544922,82.08250427246094
2022-11-23,97.8730239868164,111.62760162353516,82.32051086425781
2022-11-25,96.87898254394531,110.80213165283203,83.21758270263672
2022-11-28,95.4773941040039,108.18648529052734,82.28388214111328
2022-11-29,94.62252044677734,108.8627700805664,83.3731918334961
2022-11-30,100.38794708251953,117.45562744140625,85.19480895996094
2022-12-01,100.38794708251953,119.78286743164062,85.1307373046875
2022-12-02,99.84121704101562,122.81622314453125,84.30689239501953
2022-12-05,98.8869400024414,121.76200103759766,82.2106704711914
2022-12-06,96.40184783935547,113.49735260009766,80.10527038574219
2022-12-07,94.3740005493164,113.30838012695312,79.89473724365234
2022-12-08,93.15133666992188,114.70073699951172,81.18543243408203
2022-12-09,92.27658081054688,115.26763153076172,81.89942169189453
2022-12-12,92.75371551513672,114.0841293334961,83.40980529785156
2022-12-13,95.05989074707031,119.49444580078125,84.8652572631836
2022-12-14,94.50323486328125,120.92658233642578,82.84228515625
2022-12-15,90.31832122802734,115.51627349853516,80.36157989501953
2022-12-16,89.7219009399414,118.77836608886719,79.51026916503906
2022-12-19,87.91275024414062,113.85538482666016,78.31112670898438
2022-12-20,88.48930358886719,116.45114135742188,77.95413208007812
2022-12-21,89.04596710205078,119.1065673828125,79.51942443847656
2022-12-22,87.23680877685547,116.4809799194336,79.0617446899414
2022-12-23,88.69804382324219,117.39596557617188,78.82373809814453
2022-12-27,86.8690185546875,116.24227905273438,77.86257934570312
2022-12-28,85.5071792602539,114.98916625976562,77.3133544921875
2022-12-29,87.92269897460938,119.60385131835938,78.02735137939453
2022-12-30,87.70401000976562,119.68340301513672,77.82596588134766
2023-01-03,88.58871459960938,124.05939483642578,78.46673583984375
2023-01-04,87.55490112304688,126.67506408691406,79.31804656982422
2023-01-05,85.68610382080078,126.24740600585938,78.6498031616211
2023-01-06,86.81930541992188,129.3105926513672,80.1510238647461
2023-01-09,87.49525451660156,128.76361083984375,80.22427368164062
2023-01-10,87.89286804199219,132.26438903808594,81.39595794677734
2023-01-11,90.9743881225586,132.16494750976562,81.86280059814453
2023-01-12,90.58671569824219,135.96409606933594,82.86972045898438
2023-01-13,91.5708236694336,136.23260498046875,83.90410614013672
2023-01-17,90.74576568603516,134.62147521972656,88.86549377441406
2023-01-18,90.5767822265625,132.2942352294922,88.40779876708984
2023-01-19,92.49527740478516,135.4071502685547,86.18342590332031
2023-01-20,97.4356460571289,138.6095733642578,88.09657287597656
2023-01-23,99.19509887695312,142.48829650878906,88.91126251220703
2023-01-24,97.11756134033203,142.3590087890625,87.4283447265625
2023-01-25,94.65233612060547,140.7279510498047,87.5473403930664
2023-01-26,96.93861389160156,146.496337890625,88.3345947265625
2023-01-27,98.77760314941406,150.91209411621094,88.66410827636719
2023-01-30,96.3620834350586,146.2576141357422,88.54877471923828
2023-01-31,98.2507553100586,148.15719604492188,89.81297302246094
2023-02-01,99.83128356933594,152.2845458984375,90.6065444946289
2023-02-02,107.09770202636719,187.74005126953125,91.54776763916016
2023-02-03,104.15534210205078,185.5122528076172,91.75077819824219
2023-02-06,102.28656005859375,185.0448455810547,91.26172637939453
2023-02-07,106.998291015625,190.57449340820312,91.55699157714844
2023-02-08,98.77760314941406,182.42916870117188,91.31708526611328
2023-02-09,94.44358825683594,176.94923400878906,90.47736358642578
2023-02-10,94.00621795654297,173.19979858398438,90.83724212646484
2023-02-13,94.04598236083984,178.4510040283203,91.75077819824219
2023-02-14,94.11556243896484,178.500732421875,92.79350280761719
2023-02-15,96.3620834350586,176.19337463378906,93.04264831542969
2023-02-16,94.94060516357422,171.4991455078125,91.87997436523438
2023-02-17,93.78752899169922,171.93673706054688,91.82460021972656
2023-02-21,91.24279022216797,171.14111328125,90.08056640625
2023-02-22,91.10362243652344,170.18634033203125,89.75758361816406
2023-02-23,90.34815216064453,171.101318359375,90.37586212158203
2023-02-24,88.59864044189453,169.4603271484375,90.15438079833984
2023-02-27,89.334228515625,168.61497497558594,89.23162078857422
2023-02-28,89.52310180664062,173.9855194091797,89.04708099365234
2023-03-01,89.82130432128906,172.4738006591797,88.7610092163086
2023-03-02,91.4515380859375,173.57772827148438,88.65949249267578
2023-03-03,93.0916976928711,184.2392578125,90.73572540283203
2023-03-06,94.5628662109375,183.8911590576172,90.78186798095703
2023-03-07,93.30044555664062,183.50328063964844,88.64104461669922
2023-03-08,93.68811798095703,183.96078491210938,88.49340057373047
2023-03-09,91.76962280273438,180.69866943359375,85.07916259765625
2023-03-10,90.08970642089844,178.53057861328125,83.09522247314453
2023-03-13,90.56684875488281,179.91297912597656,81.1943130493164
2023-03-14,93.4097900390625,192.96141052246094,83.02140045166016
2023-03-15,95.53703308105469,196.67105102539062,78.79512023925781
2023-03-16,99.72193145751953,203.81185913085938,80.29000091552734
2023-03-17,101.0141830444336,194.542724609375,77.67858123779297
2023-03-20,100.61656951904297,196.73074340820312,79.02581787109375
2023-03-21,104.29450988769531,201.05699157714844,81.90485382080078
2023-03-22,102.75375366210938,198.7198028564453,80.7883071899414
2023-03-23,104.97045135498047,203.16542053222656,79.21036529541016
2023-03-24,104.81141662597656,204.885986328125,77.4663314819336
2023-03-27,101.84917449951172,201.73329162597656,78.1030502319336
2023-03-28,100.4277114868164,199.58505249023438,78.32451629638672
2023-03-29,100.78555297851562,204.22958374023438,79.57947540283203
2023-03-30,100.28854370117188,206.7060089111328,79.45951843261719
2023-03-31,103.11161041259766,210.78363037109375,81.01898956298828
2023-04-03,103.73784637451172,211.907470703125,80.42841339111328
2023-04-04,104.09571075439453,213.54844665527344,78.2691421508789
2023-04-05,103.8471908569336,210.3261260986328,77.34637451171875
2023-04-06,107.77364349365234,214.9209442138672,77.68779754638672
2023-04-10,105.80545043945312,213.5782928466797,77.51246643066406
2023-04-11,104.72195434570312,212.68319702148438,78.51829528808594
2023-04-12,104.01618194580078,212.83238220214844,78.86894226074219
2023-04-13,106.78955078125,219.1477508544922,79.07196044921875
2023-04-14,108.2209701538086,220.28152465820312,80.0131607055664
2023-04-17,105.3382568359375,217.66587829589844,82.3938980102539
2023-04-18,103.87701416015625,216.70115661621094,82.91065216064453
2023-04-19,103.55892181396484,214.52310180664062,83.46432495117188
2023-04-20,104.66231536865234,211.907470703125,83.44586944580078
2023-04-21,104.78160095214844,211.7284393310547,84.08257293701172
2023-04-24,105.3382568359375,211.6289825439453,83.23362731933594
2023-04-25,103.23088836669922,206.41757202148438,81.25890350341797
2023-04-26,103.09172058105469,208.25747680664062,81.60957336425781
2023-04-27,106.9485855102539,237.2583770751953,83.28900146484375
2023-04-28,106.70008850097656,239.0087890625,83.74040985107422
2023-05-01,106.56092071533203,241.85316467285156,81.8416748046875
2023-05-02,104.69212341308594,237.93467712402344,80.31522369384766
2023-05-03,104.78160095214844,235.7367401123047,78.88185119628906
2023-05-04,104.06587982177734,232.24588012695312,76.89002227783203
2023-05-05,104.94064331054688,231.50990295410156,79.00285339355469
2023-05-08,107.12751770019531,231.9972381591797,78.58401489257812
2023-05-09,106.71002197265625,232.0966796875,78.52816772460938
2023-05-10,111.08380126953125,231.8083038330078,77.92317962646484
2023-05-11,115.87505340576172,234.5034942626953,76.90863800048828
2023-05-12,116.80945587158203,232.53428649902344,76.68526458740234
2023-05-15,115.81541442871094,237.55673217773438,77.20648956298828
2023-05-16,118.79753112792969,237.5169677734375,76.19195556640625
2023-05-17,120.11959838867188,241.16696166992188,78.10002899169922
2023-05-18,122.09774017333984,245.50315856933594,78.63984680175781
2023-05-19,122.02815246582031,244.2997589111328,76.54563903808594
2023-05-22,124.30450439453125,246.96514892578125,76.57356262207031
2023-05-23,121.829345703125,245.3937530517578,76.91793823242188
2023-05-24,120.17924499511719,247.8502960205078,75.59626007080078
2023-05-25,122.74386596679688,251.31129455566406,77.25301361083984
2023-05-26,123.86712646484375,260.6102600097656,78.09070587158203
2023-05-30,122.93272399902344,261.0876770019531,77.64393615722656
2023-05-31,122.13750457763672,263.275634765625,76.098876953125
2023-06-01,122.98242950439453,271.12255859375,76.38742065429688
2023-06-02,123.92676544189453,271.12255859375,78.5095443725586
2023-06-05,125.25878143310547,269.9092712402344,77.9417724609375
2023-06-06,126.55103302001953,269.6407775878906,79.91499328613281
2023-06-07,121.76969909667969,262.1617431640625,80.51067352294922
2023-06-08,121.41184997558594,263.13641357421875,80.33383178710938
2023-06-09,121.5013198852539,263.50439453125,80.24075317382812
2023-06-12,122.90290832519531,269.57110595703125,81.38558197021484
2023-06-13,123.0917739868164,269.8396301269531,82.16742706298828
2023-06-14,122.93272399902344,271.85858154296875,81.8882064819336
2023-06-15,124.34425354003906,280.2922668457031,82.88411712646484
2023-06-16,122.7935562133789,279.4668273925781,81.99057006835938
2023-06-20,122.36611938476562,282.77862548828125,80.72476196289062
2023-06-21,119.83133697509766,280.10333251953125,80.36174774169922
2023-06-22,122.41584014892578,283.3256530761719,78.649169921875
2023-06-23,121.61065673828125,287.1546630859375,77.7928695678711
2023-06-26,117.6344985961914,276.95062255859375,77.80217742919922
2023-06-27,117.62457275390625,285.48382568359375,78.58401489257812
2023-06-28,119.46353912353516,283.7333984375,78.17446899414062
2023-06-29,118.38998413085938,279.99395751953125,79.33793640136719
2023-06-30,118.98640441894531,285.4142150878906,79.4868392944336
2023-07-03,119.18521118164062,284.4594421386719,80.42692565917969
2023-07-05,121.02417755126953,292.7638854980469,79.97084045410156
2023-07-06,119.39395904541016,290.3968200683594,77.56016540527344
2023-07-07,118.76771545410156,288.94482421875,77.58810424804688
2023-07-10,115.75576782226562,292.495361328125,77.62532806396484
2023-07-11,116.44165802001953,296.6625061035156,79.07731628417969
2023-07-12,118.22097778320312,307.6521911621094,79.83121490478516
2023-07-13,123.79754638671875,311.6999816894531,80.24075317382812
2023-07-14,124.67230224609375,307.1847839355469,79.84051513671875
2023-07-17,123.90689086914062,308.9252014160156,80.38968658447266
2023-07-18,123.0221939086914,310.347412109375,85.57401275634766
2023-07-19,121.30250549316406,314.28582763671875,86.70953369140625
2023-07-20,118.48938751220703,300.869384765625,87.30522155761719
2023-07-21,119.30448913574219,292.6545104980469,87.50069427490234
2023-07-24,120.80548858642578,290.0189514160156,88.114990234375
2023-07-25,121.48143768310547,292.86334228515625,87.88229370117188
2023-07-26,128.4993438720703,296.94097900390625,87.06321716308594
2023-07-27,128.62857055664062,310.00927734375,86.32792663574219
2023-07-28,131.78961181640625,323.70416259765625,86.01793670654297
2023-07-31,131.9287872314453,316.8616638183594,86.00852966308594
2023-08-01,130.76576232910156,320.9492492675781,85.4261245727539
2023-08-02,127.6146469116211,312.5950927734375,83.90435791015625
2023-08-03,127.68421936035156,311.4812316894531,83.73526763916016
2023-08-04,127.34625244140625,309.0346374511719,83.40648651123047
2023-08-07,130.74586486816406,314.83282470703125,83.67890930175781
2023-08-08,130.61663818359375,310.9341735839844,83.10589599609375
2023-08-09,128.88702392578125,303.54473876953125,82.25106048583984
2023-08-10,128.9168701171875,304.07183837890625,82.32621765136719
2023-08-11,128.78761291503906,299.9942321777344,82.382568359375
2023-08-14,130.54705810546875,304.5193786621094,82.03501892089844
2023-08-15,129.00631713867188,300.30255126953125,80.93595886230469
2023-08-16,127.93274688720703,292.6843566894531,80.77625274658203
2023-08-17,129.1454620361328,283.5345153808594,80.58838653564453
2023-08-18,126.70012664794922,281.70452880859375,79.74295806884766
2023-08-21,127.60469055175781,288.3182678222656,79.14175415039062
2023-08-22,128.31048583984375,286.0307922363281,77.94876098632812
2023-08-23,131.5808563232422,292.6345520019531,78.33389282226562
2023-08-24,129.00631713867188,285.1854553222656,78.38086700439453
2023-08-25,129.105712890625,283.9422912597656,78.17420959472656
2023-08-28,130.2289581298828,288.67633056640625,79.26387023925781
2023-08-29,133.7677764892578,296.3641052246094,80.36294555664062
2023-08-30,135.06996154785156,293.4898681640625,80.09052276611328
2023-08-31,135.35821533203125,294.2756042480469,79.9871826171875
2023-09-01,134.8512420654297,294.7629089355469,80.55081176757812
2023-09-05,134.9606170654297,298.5123596191406,79.69598388671875
2023-09-06,133.6584014892578,297.53765869140625,79.05722045898438
2023-09-07,134.45362854003906,297.04046630859375,78.7566146850586
2023-09-08,135.56695556640625,296.2646789550781,79.7711410522461
2023-09-11,136.10374450683594,305.88189697265625,78.44662475585938
2023-09-12,134.5331573486328,300.0141296386719,80.36294555664062
2023-09-13,135.89500427246094,303.3955383300781,81.95985412597656
2023-09-14,137.27671813964844,310.01922607421875,83.66950988769531
2023-09-15,136.58087158203125,298.6715087890625,83.04952239990234
2023-09-18,137.38604736328125,300.8992614746094,83.33134460449219
2023-09-19,137.21705627441406,303.4054870605469,83.14346313476562
2023-09-20,132.9427032470703,298.0350036621094,81.8565444946289
2023-09-21,129.66236877441406,294.1164855957031,79.73355865478516
2023-09-22,129.47349548339844,297.4481506347656,78.23995971679688
2023-09-25,130.328369140625,299.18865966796875,77.9957275390625
2023-09-26,127.80352020263672,297.3288269042969,77.18788146972656
2023-09-27,129.7617645263672,296.1155090332031,76.69940185546875
2023-09-28,131.52122497558594,302.301513671875,77.2066650390625
2023-09-29,130.07986450195312,298.5719909667969,76.71819305419922
2023-10-02,133.37014770507812,305.14593505859375,75.53459167480469
2023-10-03,131.64051818847656,299.29803466796875,73.28948974609375
2023-10-04,134.43377685546875,303.9127197265625,74.29460906982422
2023-10-05,134.26475524902344,303.12701416015625,74.3509750366211
2023-10-06,136.75979614257812,313.7089538574219,75.45943450927734
2023-10-09,137.59481811523438,316.6229553222656,75.06489562988281
2023-10-10,137.2369384765625,320.083984375,75.27156829833984
2023-10-11,139.7121124267578,326.0313720703125,74.11614227294922
2023-10-12,138.14151000976562,322.391357421875,73.09222412109375
2023-10-13,136.54112243652344,312.9730224609375,73.07344818115234
2023-10-16,138.270751953125,319.397705078125,73.95645141601562
2023-10-17,138.88705444335938,322.2322082519531,75.45943450927734
2023-10-18,137.1375274658203,315.2406005859375,70.3398666381836
2023-10-19,136.92880249023438,311.103271484375,68.49871826171875
2023-10-20,134.7916259765625,306.9659729003906,68.69598388671875
2023-10-23,135.6862335205078,312.2967224121094,67.35269165039062
2023-10-24,137.9824676513672,310.8446960449219,67.22117614746094
2023-10-25,124.86116027832031,297.8957214355469,67.07087707519531
2023-10-26,121.55101776123047,286.7767639160156,67.70024871826172
2023-10-27,121.4416732788086,295.1109924316406,66.13151550292969
2023-10-30,123.718017578125,301.0086364746094,67.1203842163086
2023-10-31,123.34028625488281,299.626220703125,67.3390884399414
2023-11-01,125.69615173339844,310.14849853515625,67.46269989013672
2023-11-02,126.72996520996094,309.1738586425781,69.84932708740234
2023-11-03,128.3303680419922,312.8835144042969,72.5116958618164
2023-11-06,129.47349548339844,314.0769348144531,72.18842315673828
2023-11-07,130.189208984375,317.08050537109375,71.79857635498047
2023-11-08,131.0540313720703,318.03521728515625,72.23596954345703
2023-11-09,129.46356201171875,318.801025390625,70.54344940185547
2023-11-10,131.799560546875,326.9761657714844,71.6274185180664
2023-11-13,131.30252075195312,327.3938903808594,71.35166931152344
2023-11-14,132.8234100341797,334.47503662109375,74.46094512939453
2023-11-15,133.8174591064453,330.8946838378906,75.76361083984375
2023-11-16,136.11367797851562,332.3666076660156,75.74459075927734
2023-11-17,134.50332641601562,333.2120056152344,76.3341064453125
2023-11-20,135.437744140625,338.11505126953125,75.7826156616211
2023-11-21,136.1534423828125,335.1413879394531,74.61307525634766
2023-11-22,137.6643829345703,339.6267395019531,74.63208770751953
2023-11-24,135.8751220703125,336.3845520019531,74.78423309326172
2023-11-27,135.59678649902344,332.8738708496094,74.11863708496094
2023-11-28,136.38206481933594,337.14044189453125,73.1012191772461
2023-11-29,134.1852264404297,330.38751220703125,74.68914794921875
2023-11-30,131.73989868164062,325.3650207519531,75.44031524658203
2023-12-01,131.0738983154297,323.0477294921875,76.91413879394531
2023-12-04,128.4993438720703,318.2738952636719,77.21839904785156
2023-12-05,130.2091064453125,316.5533752441406,76.22953033447266
2023-12-06,129.24488830566406,315.71795654296875,75.50688171386719
2023-12-07,136.11367797851562,324.8081359863281,76.40066528320312
2023-12-08,134.1852264404297,330.9344482421875,78.23580932617188
2023-12-11,132.495361328125,323.5052490234375,78.749267578125
2023-12-12,131.72998046875,332.39642333984375,79.49092102050781
2023-12-13,131.77967834472656,332.9135437011719,81.42115783691406
2023-12-14,131.15342712402344,331.3522033691406,86.56523895263672
2023-12-15,131.8094940185547,333.0926818847656,87.0787124633789
2023-12-18,134.9904327392578,342.7397155761719,86.29901123046875
2023-12-19,135.83534240722656,348.4483947753906,87.40198516845703
2023-12-20,137.51527404785156,347.3742980957031,86.66032409667969
2023-12-21,139.5828857421875,352.1580505371094,88.07708740234375
2023-12-22,140.64649963378906,351.46185302734375,87.86791229248047
2023-12-26,140.67633056640625,352.89398193359375,88.27677154541016
2023-12-27,139.53317260742188,355.87762451171875,89.05648040771484
2023-12-28,139.3939971923828,356.364990234375,89.0374526977539
2023-12-29,138.8572235107422,352.02874755859375,88.6666259765625
2024-01-02,137.34628295898438,344.4006042480469,89.28468322753906
2024-01-03,138.091796875,342.59051513671875,87.39248657226562
2024-01-04,135.57688903808594,345.22607421875,87.62068939208984
2024-01-05,134.92083740234375,350.02972412109375,88.65711212158203
2024-01-08,138.0122833251953,356.703125,88.91384887695312
2024-01-09,140.10972595214844,355.4797668457031,87.53510284423828
2024-01-10,141.43177795410156,368.4486389160156,86.9836196899414
2024-01-11,141.2329864501953,367.65301513671875,86.0613021850586
2024-01-12,141.79957580566406,372.44677734375,85.29110717773438
2024-01-16,141.64053344726562,365.455078125,81.74443817138672
2024-01-17,140.62661743164062,366.360107421875,80.26112365722656
2024-01-18,142.62461853027344,374.0777893066406,79.77618408203125
2024-01-19,145.50735473632812,381.35784912109375,81.1454086303711
2024-01-22,145.1196746826172,379.6969299316406,81.51624298095703
2024-01-23,146.16339111328125,383.09832763671875,82.47659301757812
2024-01-24,147.81350708007812,388.56829833984375,83.26580810546875
2024-01-25,150.96458435058594,391.03472900390625,83.69368743896484
2024-01-26,151.28269958496094,391.98956298828125,83.41793823242188
2024-01-29,152.59483337402344,398.83197021484375,83.31334686279297
2024-01-30,150.55706787109375,397.877197265625,84.12948608398438
2024-01-31,139.26480102539062,388.0113525390625,83.76461791992188
2024-02-01,140.3184814453125,392.62603759765625,83.3613510131836
2024-02-02,141.53118896484375,472.3984069824219,83.79341888427734
2024-02-05,142.82345581054688,456.9034118652344,82.46839141845703
2024-02-06,143.24093627929688,452.239013671875,82.67003631591797
2024-02-07,144.67233276367188,467.02783203125,82.57401275634766
2024-02-08,145.04014587402344,467.4356384277344,82.23796081542969
2024-02-09,148.1117401123047,465.5558776855469,82.46839141845703
2024-02-12,146.65048217773438,466.34161376953125,83.40936279296875
2024-02-13,144.2747344970703,457.6094970703125,80.6248779296875
2024-02-14,145.06997680664062,470.6977233886719,80.6536865234375
2024-02-15,141.91888427734375,481.38909912109375,82.25717163085938
2024-02-16,139.68228149414062,470.7375183105469,83.0541000366211
2024-02-20,140.27870178222656,469.17608642578125,81.94991302490234
2024-02-21,141.70018005371094,465.9702453613281,82.05552673339844
2024-02-22,143.23098754882812,483.9905700683594,82.42998504638672
2024-02-23,143.10177612304688,481.89984130859375,83.10211181640625
2024-02-26,136.74986267089844,479.619873046875,82.25717163085938
2024-02-27,138.0520477294922,484.9065246582031,82.0843276977539
2024-02-28,135.56695556640625,481.8898620605469,82.62202453613281
2024-02-29,137.63458251953125,487.9729919433594,82.6124267578125
2024-03-01,136.32241821289062,500.08941650390625,83.03489685058594
2024-03-04,132.55503845214844,495.9975280761719,86.45306396484375
2024-03-05,131.87908935546875,488.0626220703125,85.5793228149414
2024-03-06,130.61663818359375,493.9067077636719,82.24756622314453
2024-03-07,133.57888793945312,509.9358825683594,82.70843505859375
2024-03-08,134.60275268554688,503.7234191894531,83.57257843017578
2024-03-11,136.84927368164062,481.46173095703125,83.47657775878906
2024-03-12,137.67434692382812,497.5506591796875,83.58219146728516
2024-03-13,138.9566192626953,493.3890380859375,85.79055786132812
2024-03-14,142.24688720703125,489.6654968261719,85.5505142211914
2024-03-15,140.33831787109375,481.9695129394531,84.85919952392578
2024-03-18,146.79957580566406,494.7928771972656,84.4559326171875
2024-03-19,146.15345764160156,494.05609130859375,84.8976058959961
2024-03-20,147.853271484375,503.2952575683594,87.71087646484375
2024-03-21,146.72006225585938,505.525390625,89.6792221069336
2024-03-22,149.87115478515625,507.3373718261719,88.2869873046875
2024-03-25,149.1753692626953,500.8062438964844,87.50924682617188
2024-03-26,149.7717742919922,493.7076416015625,87.64366912841797
2024-03-27,149.9705810546875,491.6865539550781,89.7752456665039
2024-03-28,150.0301971435547,483.4429626464844,90.40895080566406
2024-04-01,154.56304931640625,489.1875915527344,89.80404663085938
2024-04-02,153.63858032226562,495.18109130859375,89.01670837402344
2024-04-03,153.99642944335938,504.5098876953125,89.29515838623047
2024-04-04,149.63258361816406,508.6715087890625,88.60384368896484
2024-04-05,151.5908660888672,525.0191650390625,88.78627014160156
2024-04-08,153.92686462402344,516.96484375,89.49679565429688
2024-04-09,155.6664276123047,514.6251831054688,90.33213806152344
2024-04-10,155.2091827392578,517.5422973632812,87.99893951416016
2024-04-11,158.4596710205078,520.8576049804688,83.38055419921875
2024-04-12,156.78968811035156,509.6471862792969,82.7564468383789
2024-04-15,153.93679809570312,498.0285339355469,83.52456665039062
2024-04-16,153.47952270507812,497.56060791015625,85.58892822265625
2024-04-17,154.5431671142578,491.9952087402344,86.4914779663086
2024-04-18,155.07994079589844,499.5915832519531,86.664306640625
2024-04-19,153.17138671875,478.9528503417969,87.04837036132812
2024-04-22,155.34829711914062,479.60992431640625,88.42140197753906
2024-04-23,157.31651306152344,493.9167175292969,90.0248794555664
2024-04-24,158.18133544921875,491.328125,90.11129760742188
2024-04-25,155.0699920654297,439.43756103515625,88.8726806640625
2024-04-26,170.92489624023438,441.33917236328125,89.1319351196289
2024-04-29,165.1594696044922,430.716064453125,89.25790405273438
2024-04-30,161.8095703125,428.27685546875,88.0272216796875
2024-05-01,162.88314819335938,437.2572021484375,88.70555877685547
2024-05-02,165.6266632080078,439.7362060546875,89.78118896484375
2024-05-03,166.2429962158203,449.970947265625,90.74053192138672
2024-05-06,167.09786987304688,463.63055419921875,91.85491943359375
2024-05-07,170.2290802001953,466.1792907714844,92.82395935058594
2024-05-08,168.3702392578125,470.5201416015625,92.67860412597656
2024-05-09,168.94677734375,473.3277282714844,95.0721206665039
2024-05-10,167.6445770263672,474.10430908203125,95.23684692382812
2024-05-13,168.1316680908203,465.95037841796875,95.5081787109375
2024-05-14,169.32449340820312,469.7734375,96.30278778076172
2024-05-15,171.48155212402344,479.4207763671875,97.4074935913086
2024-05-16,173.14161682128906,471.1473693847656,96.4966049194336
2024-05-17,175.0104217529297,469.8331604003906,97.11678314208984
2024-05-20,175.86526489257812,466.7767028808594,97.22338104248047
2024-05-21,176.78973388671875,462.585205078125,98.38622283935547
2024-05-22,175.32850646972656,465.7213439941406,97.62067413330078
2024-05-23,172.515380859375,463.73016357421875,95.85704040527344
2024-05-24,173.94680786132812,476.1153869628906,95.90548706054688
2024-05-28,175.34835815429688,477.80792236328125,95.61478424072266
2024-05-29,174.8513641357422,472.2723388671875,94.25812530517578
2024-05-30,171.08395385742188,464.99456787109375,94.21937561035156
2024-05-31,171.4716339111328,464.7755126953125,94.81047058105469
2024-06-03,172.1376495361328,475.3885803222656,94.393798828125
2024-06-04,172.75393676757812,474.89080810546875,93.5895004272461
2024-06-05,174.36427307128906,492.88128662109375,93.66702270507812
2024-06-06,175.6763916015625,491.5870361328125,93.85112762451172
2024-06-07,173.4199676513672,490.79052734375,94.13215637207031
2024-06-10,174.1663055419922,500.3880920410156,93.40538024902344
2024-06-11,175.7685546875,505.2366943359375,92.47510528564453
2024-06-12,176.9329071044922,506.6006164550781,92.68828582763672
2024-06-13,174.3155975341797,501.8815002441406,92.26191711425781
2024-06-14,175.93772888183594,502.4396057128906,92.54293823242188
2024-06-17,176.38558959960938,504.9011535644531,94.03524780273438
2024-06-18,174.2459259033203,497.7854919433594,94.54883575439453
2024-06-20,175.45010375976562,499.9880065917969,94.42285919189453
2024-06-21,178.76406860351562,493.09161376953125,93.18250274658203
2024-06-24,178.35601806640625,497.20751953125,94.09339141845703
2024-06-25,183.142822265625,508.8576354980469,94.77171325683594
2024-06-26,182.99356079101562,511.3690185546875,93.889892578125
2024-06-27,184.5161895751953,517.7870483398438,92.80457305908203
2024-06-28,181.2718963623047,502.4993896484375,94.18061065673828
2024-07-01,182.1078643798828,502.9577941894531,96.08961486816406
2024-07-02,184.34701538085938,507.7613830566406,96.56443786621094
2024-07-03,184.92420959472656,508.2198181152344,97.09740447998047
2024-07-05,189.68116760253906,538.0675659179688,96.50628662109375
2024-07-08,188.1187286376953,527.5137329101562,97.4753189086914
2024-07-09,188.06898498535156,528.19140625,99.43278503417969
2024-07-10,190.25836181640625,532.8654174804688,100.2564697265625
2024-07-11,184.67543029785156,510.95050048828125,101.3999252319336
2024-07-12,184.17784118652344,497.16766357421875,100.866943359375
2024-07-15,185.6307830810547,494.4668884277344,102.00072479248047
2024-07-16,183.0333709716797,488.11865234375,102.9310073852539
2024-07-17,180.14736938476562,460.4134826660156,103.6480941772461
2024-07-18,176.83340454101562,474.2261962890625,101.56465911865234
2024-07-19,176.8035430908203,475.16302490234375,98.92887115478516
2024-07-22,180.79420471191406,485.7367858886719,99.2680435180664
2024-07-23,180.91363525390625,487.02239990234375,100.29521942138672
2024-07-24,171.7978057861328,459.6959533691406,98.8125991821289
2024-07-25,166.4735870361328,451.8627624511719,100.35336303710938
2024-07-26,166.19493103027344,464.11083984375,100.9638671875
2024-07-29,168.71273803710938,464.12078857421875,99.30680847167969
2024-07-30,169.46908569335938,461.6094055175781,100.54718017578125
2024-07-31,170.71304321289062,473.2096862792969,100.91382598876953
2024-08-01,169.9368133544922,496.04150390625,99.49609375
2024-08-02,165.85658264160156,486.4742736816406,93.71756744384766
2024-08-05,158.4822998046875,474.10662841796875,90.02167510986328
2024-08-06,157.52691650390625,492.4039611816406,90.90164947509766
2024-08-07,158.1737823486328,487.2516174316406,90.06078338623047
2024-08-08,161.24888610839844,507.8909606933594,92.52471923828125
2024-08-09,162.88099670410156,516.003173828125,92.61271667480469
2024-08-12,161.50762939453125,514.1893920898438,92.73004150390625
2024-08-13,163.36862182617188,526.7363891601562,94.55844116210938
2024-08-14,159.59689331054688,524.9624633789062,97.22770690917969
2024-08-15,160.52239990234375,535.4963989257812,98.40100860595703
2024-08-16,162.17440795898438,525.6201782226562,99.18321228027344
2024-08-19,165.8665313720703,527.473876953125,99.48631286621094
2024-08-20,166.3740692138672,524.9325561523438,98.53789520263672
2024-08-21,165.05047607421875,533.3338012695312,98.44989013671875
2024-08-22,163.01034545898438,530.1148071289062,98.32278442382812
2024-08-23,164.8215789794922,526.1983032226562,99.6231918334961
2024-08-26,165.35899353027344,519.3417358398438,100.05341339111328
2024-08-27,163.8861083984375,517.3285522460938,99.80897521972656
2024-08-28,162.06495666503906,515.0166015625,99.92630004882812
2024-08-29,161.00009155273438,516.4515380859375,100.31739807128906
2024-08-30,162.5924072265625,519.5310668945312,101.304931640625
2024-09-03,156.60140991210938,510.0136413574219,97.06148529052734
2024-09-04,155.69578552246094,510.9903259277344,97.92191314697266
2024-09-05,156.4819793701172,515.0963134765625,97.34503173828125
2024-09-06,150.1924591064453,498.5628662109375,94.44110107421875
2024-09-09,148.1894989013672,503.06744384765625,95.99574279785156
2024-09-10,148.13967895507812,503.06744384765625,94.47045135498047
2024-09-11,150.63092041015625,510.0833740234375,94.87132263183594
2024-09-12,154.1485595703125,523.806396484375,94.48999786376953
2024-09-13,156.90887451171875,522.8297729492188,96.06417846679688
2024-09-16,157.5067596435547,531.96728515625,97.86323547363281
2024-09-17,158.76235961914062,534.9998168945312,97.6187973022461
2024-09-18,159.25062561035156,536.625732421875,97.0908203125
2024-09-19,161.57247924804688,557.7236328125,98.489013671875
2024-09-20,163.0174102783203,559.9680786132812,100.19029235839844
2024-09-23,161.28350830078125,563.0205688476562,100.19029235839844
2024-09-24,161.72195434570312,561.9432983398438,100.2978515625
2024-09-25,160.9247589111328,566.9109497070312,100.06317901611328
2024-09-26,162.16041564941406,566.4421997070312,102.27290344238281
2024-09-27,163.3761444091797,565.9633178710938,101.79380798339844
2024-09-30,165.26950073242188,571.0308227539062,101.92091369628906
2024-10-01,166.40550231933594,575.0509033203125,102.09690856933594
2024-10-02,165.2794647216797,571.3999633789062,102.19468688964844
2024-10-03,165.2794647216797,581.3353881835938,102.24357604980469
2024-10-04,166.4752655029297,594.4730224609375,105.47993469238281
2024-10-07,162.40953063964844,583.3404541015625,105.24527740478516
2024-10-08,163.8046417236328,591.4304809570312,105.0986099243164
2024-10-09,161.29345703125,589.0563354492188,106.6141357421875
2024-10-10,161.51268005371094,582.3927612304688,105.67548370361328
2024-10-11,162.66864013671875,588.4977416992188,108.00253295898438
2024-10-14,164.3826141357422,588.9664916992188,109.78205108642578
2024-10-15,164.88087463378906,584.8267822265625,109.72338104248047
2024-10-16,164.5819091796875,575.3701171875,116.8511962890625
2024-10-17,162.35971069335938,575.5098266601562,116.78276062011719
2024-10-18,162.84799194335938,575.0509033203125,118.36670684814453
2024-10-21,163.49574279785156,573.7440795898438,115.6485595703125
2024-10-22,164.56198120117188,580.5773315429688,115.68766784667969
2024-10-23,162.21023559570312,562.3023071289062,115.6485595703125
2024-10-24,162.15045166015625,566.38232421875,116.51875305175781
2024-10-25,164.69154357910156,571.8388061523438,114.27970123291016
2024-10-28,166.13644409179688,576.7366943359375,116.47965240478516
2024-10-29,169.08607482910156,591.819580078125,116.6458740234375
2024-10-30,173.84934997558594,590.3431396484375,115.29656219482422
2024-10-31,170.51107788085938,566.1828002929688,114.56239318847656
2024-11-01,170.69046020507812,565.7638549804688,115.15367889404297
2024-11-04,168.6476287841797,559.2997436523438,114.45398712158203
2024-11-05,169.1458740234375,571.0208129882812,116.09973907470703
2024-11-06,175.89218139648438,570.6417846679688,129.58114624023438
2024-11-07,180.11734008789062,590.2434692382812,126.57543182373047
2024-11-08,177.7257537841797,587.8892822265625,127.64960479736328
2024-11-11,179.71875,581.734375,131.58168029785156
2024-11-12,180.9842987060547,583.38037109375,130.38925170898438
2024-11-13,178.25389099121094,578.5722045898438,130.83270263671875
2024-11-14,174.96543884277344,575.7391967773438,130.5074920654297
2024-11-15,171.88626098632812,552.7160034179688,132.1138458251953
2024-11-18,174.68641662597656,553.0352783203125,131.83790588378906
2024-11-19,177.4965362548828,559.7088012695312,130.3202667236328
2024-11-20,175.36402893066406,564.1278686523438,129.7782440185547
2024-11-21,167.04327392578125,561.703857421875,133.0303497314453
2024-11-22,164.1833038330078,557.763671875,132.7346954345703
2024-11-25,167.0631866455078,563.7189331054688,131.7196502685547
2024-11-26,168.52804565429688,572.1281127929688,129.3741912841797
2024-11-27,168.63766479492188,567.798828125,129.3052215576172
2024-11-29,168.358642578125,572.90625,129.69940185546875
2024-12-02,170.8897705078125,591.3706665039062,129.12782287597656
2024-12-03,170.7402801513672,612.139404296875,128.54638671875
2024-12-04,173.75967407226562,612.2691040039062,128.10293579101562
2024-12-05,172.03573608398438,607.4309692382812,128.4281463623047
2024-12-06,174.09849548339844,622.2344970703125,128.07337951660156
2024-12-09,174.95645141601562,612.0595703125,126.71339416503906
2024-12-10,184.7333526611328,617.7954711914062,124.94937896728516
2024-12-11,194.939208984375,631.1224975585938,125.73776245117188
2024-12-12,191.50735473632812,629.2371826171875,126.0531234741211
2024-12-13,189.3723907470703,618.8228759765625,125.55052185058594
2024-12-16,196.19625854492188,623.2056274414062,127.1568603515625
2024-12-17,194.95916748046875,618.41357421875,125.88558197021484
2024-12-18,187.9557342529297,596.200439453125,119.28285217285156
2024-12-19,188.06546020507812,594.5830688476562,118.75069427490234
2024-12-20,190.95863342285156,584.2802124023438,121.64801025390625
2024-12-23,194.17103576660156,598.8560180664062,122.64334869384766
2024-12-24,195.64755249023438,606.742919921875,125.21546173095703
2024-12-26,195.1387481689453,602.3502197265625,126.17137908935547
2024-12-27,192.30543518066406,598.8161010742188,124.91981506347656
2024-12-30,190.78904724121094,590.26025390625,123.92447662353516
2024-12-31,188.85360717773438,584.539794921875,123.89491271972656
2025-01-02,188.98329162597656,598.2470092773438,122.96855163574219
2025-01-03,191.3377227783203,603.6280517578125,124.1117172241211
2025-01-06,196.40576171875,629.15576171875,126.77252197265625
2025-01-07,195.02902221679688,616.8661499023438,125.0380630493164
2025-01-08,193.49264526367188,609.7080078125,126.00384521484375
2025-01-10,191.58712768554688,614.8394775390625,121.6578598022461
2025-01-13,190.5595703125,607.322021484375,122.19002532958984
2025-01-14,189.2127685546875,593.2653198242188,122.81088256835938
2025-01-15,195.0888671875,616.097412109375,128.65480041503906
2025-01-16,192.45509338378906,610.2869873046875,133.83843994140625
2025-01-17,195.53781127929688,611.754638671875,135.86851501464844
2025-01-21,197.58297729492188,615.4385375976562,135.3068084716797
2025-01-22,197.9022216796875,622.4668579101562,134.0256805419922
2025-01-23,197.5131378173828,635.3953857421875,135.79954528808594
2025-01-24,199.73788452148438,646.4170532226562,135.8192596435547
2025-01-27,191.35769653320312,658.7865600585938,134.66624450683594
2025-01-28,194.83946228027344,673.2125854492188,136.52879333496094
2025-01-29,194.94920349121094,675.3690185546875,136.6963348388672
2025-01-30,200.39633178710938,685.8616333007812,137.9084930419922
2025-01-31,203.5388946533203,688.0379638671875,137.328125
2025-02-03,200.75546264648438,696.3043212890625,136.06825256347656
2025-02-04,205.89334106445312,703.0231323242188,135.6813507080078
2025-02-05,190.8788299560547,703.7020263671875,137.8241424560547
2025-02-06,191.148193359375,710.8101806640625,139.95704650878906
2025-02-07,184.90293884277344,713.3359985351562,138.8657989501953
2025-02-10,186.03028869628906,716.2112426757812,136.217041015625
2025-02-11,184.8830108642578,718.6072387695312,136.69322204589844
2025-02-12,183.17701721191406,724.1780395507812,136.01864624023438
2025-02-13,185.70106506347656,727.352783203125,135.75079345703125
2025-02-14,184.79319763183594,735.4493408203125,137.843994140625
2025-02-18,183.33665466308594,715.1829223632812,139.58999633789062
2025-02-19,184.83311462402344,702.6038818359375,139.5701446533203
2025-02-20,184.12478637695312,693.6886596679688,133.27069091796875
2025-02-21,179.23634338378906,682.4172973632812,130.64178466796875
2025-02-24,178.8273162841797,667.0228881835938,128.9354705810547
2025-02-25,175.00633239746094,656.4105224609375,128.56842041015625
2025-02-26,172.3226776123047,672.5836791992188,130.0068817138672
2025-02-27,168.1026611328125,657.1492919921875,128.21128845214844
2025-02-28,169.8784637451172,667.0927734375,132.05047607421875
2025-03-03,166.6161651611328,653.9645385742188,128.1021728515625
2025-03-04,170.51695251464844,638.939453125,120.75114440917969
2025-03-05,172.6120147705078,655.3822021484375,122.76498413085938
2025-03-06,171.94358825683594,626.8894653320312,118.41985321044922
2025-03-07,173.45001220703125,624.6232299804688,118.34048461914062
2025-03-10,165.66943359375,596.9990844726562,110.80097961425781
2025-03-11,163.84164428710938,604.7063598632812,111.148193359375
2025-03-12,166.90794372558594,618.5333862304688,113.09259033203125
2025-03-13,162.56320190429688,589.6613159179688,110.79106140136719
2025-03-14,165.28990173339844,607.1328125,114.42192077636719
2025-03-17,164.09133911132812,604.4349365234375,117.02107238769531
2025-03-18,160.47572326660156,581.9122314453125,117.16987609863281
2025-03-19,163.69183349609375,583.6109619140625,118.89602661132812
2025-03-20,162.6031494140625,585.5494384765625,119.51109313964844
2025-03-21,163.79171752929688,595.7915649414062,119.1837158203125
2025-03-24,167.4772491455078,618.3742065429688,123.28084564208984
2025-03-25,170.353759765625,625.8284912109375,124.20343780517578
2025-03-26,164.86041259765625,610.51025390625,121.2273178100586
2025-03-27,162.04383850097656,602.11669921875,118.05279541015625
2025-03-28,154.14340209960938,576.2965698242188,114.4120101928711
2025-03-31,154.45301818847656,575.9168701171875,115.74134063720703
2025-04-01,156.8800811767578,585.5494384765625,114.81874084472656
2025-04-02,156.85011291503906,583.4810180664062,118.32064056396484
2025-04-03,150.5377655029297,531.2112426757812,107.07090759277344
2025-04-04,145.4239501953125,504.3419494628906,99.03538513183594
2025-04-07,146.5725555419922,515.8530883789062,100.11669921875
2025-04-08,144.52503967285156,510.05755615234375,99.51155853271484
2025-04-09,158.51809692382812,585.3196411132812,110.81089782714844
2025-04-10,152.63522338867188,545.8699951171875,105.73165130615234
2025-04-11,156.9499969482422,543.152099609375,107.2593994140625
2025-04-14,158.87767028808594,531.0713500976562,108.24151611328125
2025-04-15,156.12100219726562,521.1190795898438,109.56092834472656
2025-04-16,153.1446075439453,501.9237976074219,107.00146484375
2025-04-17,150.97723388671875,501.0944519042969,108.31095886230469
2025-04-21,147.49143981933594,484.2873840332031,105.45388793945312
2025-04-22,151.28684997558594,499.8953552246094,109.50140380859375
2025-04-23,155.16217041015625,519.8699951171875,111.4160385131836
2025-04-24,159.08740234375,532.7401123046875,114.67985534667969
2025-04-25,161.76417541503906,546.8492431640625,115.08659362792969
2025-04-28,160.41580200195312,549.3173217773438,114.90802764892578
2025-04-29,159.9663543701172,554.0137329101562,115.28499603271484
2025-04-30,158.6079864501953,548.577880859375,115.41999816894531
2025-05-01,161.10496520996094,571.7700805664062,116.76000213623047
2025-05-02,163.8316650390625,596.56103515625,120.22000122070312
2025-05-05,164.01145935058594,598.8092651367188,119.5999984741211
2025-05-06,163.03262329101562,586.8584594726562,118.33000183105469
2025-05-07,151.19696044921875,596.3511352539062,119.0999984741211
2025-05-08,154.0934600830078,597.5502319335938,121.87999725341797
2025-05-09,152.5653076171875,592.0344848632812,121.69999694824219
2025-05-12,158.26840209960938,638.9383544921875,127.05999755859375
2025-05-13,159.33709716796875,655.525634765625,129.35000610351562
2025-05-14,165.1700439453125,658.85302734375,131.0399932861328
2025-05-15,163.76174926757812,643.3849487304688,132.50999450683594
2025-05-16,165.9890594482422,639.8477172851562,132.17999267578125
2025-05-19,166.338623046875,639.9376220703125,130.83999633789062
2025-05-20,163.78172302246094,636.6101684570312,129.1300048828125
2025-05-21,168.35618591308594,635.0114135742188,125.30000305175781
2025-05-22,170.66339111328125,636.08056640625,126.26000213623047
2025-05-23,168.26629638671875,626.577880859375,126.06999969482422
2025-05-27,172.69093322753906,641.826171875,129.2100067138672
2025-05-28,172.15159606933594,643.085205078125,127.51000213623047
2025-05-29,171.65219116210938,644.5540771484375,128.16000366210938
2025-05-30,171.5323486328125,646.9921875,128.02999877929688
2025-06-02,168.82562255859375,670.3842163085938,128.39999389648438
2025-06-03,165.97906494140625,666.3372802734375,128.67999267578125
2025-06-04,167.8468017578125,687.4210815429688,128.16000366210938
2025-06-05,168.00662231445312,684.0936279296875,130.6199951171875
2025-06-06,173.46998596191406,697.173583984375,131.82000732421875
2025-06-09,176.08999633789062,693.5263671875,131.9499969482422
2025-06-10,178.60000610351562,701.8599853515625,131.82000732421875
2025-06-11,177.35000610351562,693.6063232421875,131.80999755859375
2025-06-12,175.6999969482422,692.826904296875,131.9199981689453
2025-06-13,174.6699981689453,682.344970703125,129.49000549316406
2025-06-16,176.77000427246094,702.1199951171875,130.89999389648438
2025-06-17,175.9499969482422,697.22998046875,130.08999633789062
2025-06-18,173.32000732421875,695.77001953125,132.52000427246094
